DRB1,Sequence
DRB1_0101,QGCAINFGKRELKCGDGIFVFRDSDDWLDKYSYYPEDPVKLASIVKASFEEGKCGLNSVDSLEHEMWRSRADEINAILEENEVDISVVVQDSKNIYQRGTHPFSRIRDGLQYGWKTWGKNLVFSPGRKNGSFIIDGKSRKECPFSNRVWNSFQIEEFGTGVFTTRVYMDAVFEYTMDCDGSILGAAVNGKKSAHGSPTFWMGSHEVNGTWMIHTLETLDYKECEWPLTHTIGTSVEESDMFMPRSIGGPVSSHNHIPGYKVQTNGPWMQVPLEVKREACPGTSVVVDGSCDGRGKSTRSTTDSGKIIPEWCCRSCTMPPVSFHGSDGCWYPMEIRPKKTHDSHLVRSWVTAGEI
DRB1_0102,QGCAINFGKRELKCGDGIFVFRDSDDWLDKYSYYPEDPVKLASIVKASFEEGKCGLNSVDSLEHEMWRSRADEINAILEENEVDISVVVQDSKNIYQRGTHPFSRIRDGLQYGWKTWGKNLVFSPGRKNGSFIIDGKSRKECPFSNRVWNSFQIEEFGTGVFTTRVYMDAVFEYTMDCDGSILGAAVNGKKSAHGSPTFWMGSHEVNGTWMIHTLETLDYKECEWPLTHTIGTSVEESDMFMPRSIGGPVSSHNHIPGYKVQTNGPWMQVPLEVKREACPGTSVVVDGSCDGRGKSTRSTTDSGKIIPEWCCRSCTMPPVSFHGSDGCWYPMEIRPKKTHDSHLVRSWVTAGEI
DRB1_0103,QGCAINFGKRELKCGDGIFVFRDSDDWLDKYSYYPEDPVKLASIVKASFEEGKCGLNSVDSLEHEMWRSRADEINAILEENEVDISVVVQDSKNIYQRGTHPFSRIRDGLQYGWKTWGKNLVFSPGRKNGSFIIDGKSRKECPFSNRVWNSFQIEEFGTGVFTTRVYMDAVFEYTMDCDGSILGAAVNGKKSAHGSPTFWMGSHEVNGTWMIHTLETLDYKECEWPLTHTIGTSVEESDMFMPRSIGGPVSSHNHIPGYKVQTNGPWMQVPLEVKREACPGTSVVVDGSCDGRGKSTRSTTDSGKIIPEWCCRSCTMPPVSFHGSDGCWYPMEIRPKKTHDSHLVRSWVTAGEI
DRB1_0104,QGCAINFGKRELKCGDGIFVFRDSDDWLDKYSYYPEDPVKLASIVKASFEEGKCGLNSVDSLEHEMWRSRADEINAILEENEVDISVVVQDSKNIYQRGTHPFSRIRDGLQYGWKTWGKNLVFSPGRKNGSFIIDGKSRKECPFSNRVWNSFQIEEFGTGVFTTRVYMDAVFEYTMDCDGSILGAAVNGKKSAHGSPTFWMGSHEVNGTWMIHTLETLDYKECEWPLTHTIGTSVEESDMFMPRSIGGPVSSHNHIPGYKVQTNGPWMQVPLEVKREACPGTSVVVDGSCDGRGKSTRSTTDSGKIIPEWCCRSCTMPPVSFHGSDGCWYPMEIRPKKTHDSHLVRSWVTAGEI
DRB1_0301,QGCAINFGKRELKCGDGIFVFRDSDDWLDKYSYYPEDPVKLASIVKASFEEGKCGLNSVDSLEHEMWRSRADEINAILEENEVDISVVVQDSKNIYQRGTHPFSRIRDGLQYGWKTWGKNLVFSPGRKNGSFIIDGKSRKECPFSNRVWNSFQIEEFGTGVFTTRVYMDAVFEYTMDCDGSILGAAVNGKKSAHGSPTFWMGSHEVNGTWMIHTLETLDYKECEWPLTHTIGTSVEESDMFMPRSIGGPVSSHNHIPGYKVQTNGPWMQVPLEVKREACPGTSVVVDGSCDGRGKSTRSTTDSGKIIPEWCCRSCTMPPVSFHGSDGCWYPMEIRPKKTHDSHLVRSWVTAGEI
DRB1_0302,QGCAINFGKRELKCGDGIFVFRDSDDWLDKYSYYPEDPVKLASIVKASFEEGKCGLNSVDSLEHEMWRSRADEINAILEENEVDISVVVQDSKNIYQRGTHPFSRIRDGLQYGWKTWGKNLVFSPGRKNGSFIIDGKSRKECPFSNRVWNSFQIEEFGTGVFTTRVYMDAVFEYTMDCDGSILGAAVNGKKSAHGSPTFWMGSHEVNGTWMIHTLETLDYKECEWPLTHTIGTSVEESDMFMPRSIGGPVSSHNHIPGYKVQTNGPWMQVPLEVKREACPGTSVVVDGSCDGRGKSTRSTTDSGKIIPEWCCRSCTMPPVSFHGSDGCWYPMEIRPKKTHDSHLVRSWVTAGEI
DRB1_0303,QGCAINFGKRELKCGDGIFVFRDSDDWLDKYSYYPEDPVKLASIVKASFEEGKCGLNSVDSLEHEMWRSRADEINAILEENEVDISVVVQDSKNIYQRGTHPFSRIRDGLQYGWKTWGKNLVFSPGRKNGSFIIDGKSRKECPFSNRVWNSFQIEEFGTGVFTTRVYMDAVFEYTMDCDGSILGAAVNGKKSAHGSPTFWMGSHEVNGTWMIHTLETLDYKECEWPLTHTIGTSVEESDMFMPRSIGGPVSSHNHIPGYKVQTNGPWMQVPLEVKREACPGTSVVVDGSCDGRGKSTRSTTDSGKIIPEWCCRSCTMPPVSFHGSDGCWYPMEIRPKKTHDSHLVRSWVTAGEI
DRB1_0304,QGCAINFGKRELKCGDGIFVFRDSDDWLDKYSYYPEDPVKLASIVKASFEEGKCGLNSVDSLEHEMWRSRADEINAILEENEVDISVVVQDSKNIYQRGTHPFSRIRDGLQYGWKTWGKNLVFSPGRKNGSFIIDGKSRKECPFSNRVWNSFQIEEFGTGVFTTRVYMDAVFEYTMDCDGSILGAAVNGKKSAHGSPTFWMGSHEVNGTWMIHTLETLDYKECEWPLTHTIGTSVEESDMFMPRSIGGPVSSHNHIPGYKVQTNGPWMQVPLEVKREACPGTSVVVDGSCDGRGKSTRSTTDSGKIIPEWCCRSCTMPPVSFHGSDGCWYPMEIRPKKTHDSHLVRSWVTAGEI
DRB1_0305,QGCAINFGKRELKCGDGIFVFRDSDDWLDKYSYYPEDPVKLASIVKASFEEGKCGLNSVDSLEHEMWRSRADEINAILEENEVDISVVVQDSKNIYQRGTHPFSRIRDGLQYGWKTWGKNLVFSPGRKNGSFIIDGKSRKECPFSNRVWNSFQIEEFGTGVFTTRVYMDAVFEYTMDCDGSILGAAVNGKKSAHGSPTFWMGSHEVNGTWMIHTLETLDYKECEWPLTHTIGTSVEESDMFMPRSIGGPVSSHNHIPGYKVQTNGPWMQVPLEVKREACPGTSVVVDGSCDGRGKSTRSTTDSGKIIPEWCCRSCTMPPVSFHGSDGCWYPMEIRPKKTHDSHLVRSWVTAGEI
DRB1_0306,QGCAINFGKRELKCGDGIFVFRDSDDWLDKYSYYPEDPVKLASIVKASFEEGKCGLNSVDSLEHEMWRSRADEINAILEENEVDISVVVQDSKNIYQRGTHPFSRIRDGLQYGWKTWGKNLVFSPGRKNGSFIIDGKSRKECPFSNRVWNSFQIEEFGTGVFTTRVYMDAVFEYTMDCDGSILGAAVNGKKSAHGSPTFWMGSHEVNGTWMIHTLETLDYKECEWPLTHTIGTSVEESDMFMPRSIGGPVSSHNHIPGYKVQTNGPWMQVPLEVKREACPGTSVVVDGSCDGRGKSTRSTTDSGKIIPEWCCRSCTMPPVSFHGSDGCWYPMEIRPKKTHDSHLVRSWVTAGEI
DRB1_0307,QGCAINFGKRELKCGDGIFVFRDSDDWLDKYSYYPEDPVKLASIVKASFEEGKCGLNSVDSLEHEMWRSRADEINAILEENEVDISVVVQDSKNIYQRGTHPFSRIRDGLQYGWKTWGKNLVFSPGRKNGSFIIDGKSRKECPFSNRVWNSFQIEEFGTGVFTTRVYMDAVFEYTMDCDGSILGAAVNGKKSAHGSPTFWMGSHEVNGTWMIHTLETLDYKECEWPLTHTIGTSVEESDMFMPRSIGGPVSSHNHIPGYKVQTNGPWMQVPLEVKREACPGTSVVVDGSCDGRGKSTRSTTDSGKIIPEWCCRSCTMPPVSFHGSDGCWYPMEIRPKKTHDSHLVRSWVTAGEI
DRB1_0401,QGCAINFGKRELKCGDGIFVFRDSDDWLDKYSYYPEDPVKLASIVKASFEEGKCGLNSVDSLEHEMWRSRADEINAILEENEVDISVVVQDSKNIYQRGTHPFSRIRDGLQYGWKTWGKNLVFSPGRKNGSFIIDGKSRKECPFSNRVWNSFQIEEFGTGVFTTRVYMDAVFEYTMDCDGSILGAAVNGKKSAHGSPTFWMGSHEVNGTWMIHTLETLDYKECEWPLTHTIGTSVEESDMFMPRSIGGPVSSHNHIPGYKVQTNGPWMQVPLEVKREACPGTSVVVDGSCDGRGKSTRSTTDSGKIIPEWCCRSCTMPPVSFHGSDGCWYPMEIRPKKTHDSHLVRSWVTAGEI
DRB1_0402,QGCAINFGKRELKCGDGIFVFRDSDDWLDKYSYYPEDPVKLASIVKASFEEGKCGLNSVDSLEHEMWRSRADEINAILEENEVDISVVVQDSKNIYQRGTHPFSRIRDGLQYGWKTWGKNLVFSPGRKNGSFIIDGKSRKECPFSNRVWNSFQIEEFGTGVFTTRVYMDAVFEYTMDCDGSILGAAVNGKKSAHGSPTFWMGSHEVNGTWMIHTLETLDYKECEWPLTHTIGTSVEESDMFMPRSIGGPVSSHNHIPGYKVQTNGPWMQVPLEVKREACPGTSVVVDGSCDGRGKSTRSTTDSGKIIPEWCCRSCTMPPVSFHGSDGCWYPMEIRPKKTHDSHLVRSWVTAGEI
DRB1_0403,QGCAINFGKRELKCGDGIFVFRDSDDWLDKYSYYPEDPVKLASIVKASFEEGKCGLNSVDSLEHEMWRSRADEINAILEENEVDISVVVQDSKNIYQRGTHPFSRIRDGLQYGWKTWGKNLVFSPGRKNGSFIIDGKSRKECPFSNRVWNSFQIEEFGTGVFTTRVYMDAVFEYTMDCDGSILGAAVNGKKSAHGSPTFWMGSHEVNGTWMIHTLETLDYKECEWPLTHTIGTSVEESDMFMPRSIGGPVSSHNHIPGYKVQTNGPWMQVPLEVKREACPGTSVVVDGSCDGRGKSTRSTTDSGKIIPEWCCRSCTMPPVSFHGSDGCWYPMEIRPKKTHDSHLVRSWVTAGEI
DRB1_0404,QGCAINFGKRELKCGDGIFVFRDSDDWLDKYSYYPEDPVKLASIVKASFEEGKCGLNSVDSLEHEMWRSRADEINAILEENEVDISVVVQDSKNIYQRGTHPFSRIRDGLQYGWKTWGKNLVFSPGRKNGSFIIDGKSRKECPFSNRVWNSFQIEEFGTGVFTTRVYMDAVFEYTMDCDGSILGAAVNGKKSAHGSPTFWMGSHEVNGTWMIHTLETLDYKECEWPLTHTIGTSVEESDMFMPRSIGGPVSSHNHIPGYKVQTNGPWMQVPLEVKREACPGTSVVVDGSCDGRGKSTRSTTDSGKIIPEWCCRSCTMPPVSFHGSDGCWYPMEIRPKKTHDSHLVRSWVTAGEI
DRB1_0405,QGCAINFGKRELKCGDGIFVFRDSDDWLDKYSYYPEDPVKLASIVKASFEEGKCGLNSVDSLEHEMWRSRADEINAILEENEVDISVVVQDSKNIYQRGTHPFSRIRDGLQYGWKTWGKNLVFSPGRKNGSFIIDGKSRKECPFSNRVWNSFQIEEFGTGVFTTRVYMDAVFEYTMDCDGSILGAAVNGKKSAHGSPTFWMGSHEVNGTWMIHTLETLDYKECEWPLTHTIGTSVEESDMFMPRSIGGPVSSHNHIPGYKVQTNGPWMQVPLEVKREACPGTSVVVDGSCDGRGKSTRSTTDSGKIIPEWCCRSCTMPPVSFHGSDGCWYPMEIRPKKTHDSHLVRSWVTAGEI
DRB1_0406,QGCAINFGKRELKCGDGIFVFRDSDDWLDKYSYYPEDPVKLASIVKASFEEGKCGLNSVDSLEHEMWRSRADEINAILEENEVDISVVVQDSKNIYQRGTHPFSRIRDGLQYGWKTWGKNLVFSPGRKNGSFIIDGKSRKECPFSNRVWNSFQIEEFGTGVFTTRVYMDAVFEYTMDCDGSILGAAVNGKKSAHGSPTFWMGSHEVNGTWMIHTLETLDYKECEWPLTHTIGTSVEESDMFMPRSIGGPVSSHNHIPGYKVQTNGPWMQVPLEVKREACPGTSVVVDGSCDGRGKSTRSTTDSGKIIPEWCCRSCTMPPVSFHGSDGCWYPMEIRPKKTHDSHLVRSWVTAGEI
DRB1_0407,QGCAINFGKRELKCGDGIFVFRDSDDWLDKYSYYPEDPVKLASIVKASFEEGKCGLNSVDSLEHEMWRSRADEINAILEENEVDISVVVQDSKNIYQRGTHPFSRIRDGLQYGWKTWGKNLVFSPGRKNGSFIIDGKSRKECPFSNRVWNSFQIEEFGTGVFTTRVYMDAVFEYTMDCDGSILGAAVNGKKSAHGSPTFWMGSHEVNGTWMIHTLETLDYKECEWPLTHTIGTSVEESDMFMPRSIGGPVSSHNHIPGYKVQTNGPWMQVPLEVKREACPGTSVVVDGSCDGRGKSTRSTTDSGKIIPEWCCRSCTMPPVSFHGSDGCWYPMEIRPKKTHDSHLVRSWVTAGEI
DRB1_0408,QGCAINFGKRELKCGDGIFVFRDSDDWLDKYSYYPEDPVKLASIVKASFEEGKCGLNSVDSLEHEMWRSRADEINAILEENEVDISVVVQDSKNIYQRGTHPFSRIRDGLQYGWKTWGKNLVFSPGRKNGSFIIDGKSRKECPFSNRVWNSFQIEEFGTGVFTTRVYMDAVFEYTMDCDGSILGAAVNGKKSAHGSPTFWMGSHEVNGTWMIHTLETLDYKECEWPLTHTIGTSVEESDMFMPRSIGGPVSSHNHIPGYKVQTNGPWMQVPLEVKREACPGTSVVVDGSCDGRGKSTRSTTDSGKIIPEWCCRSCTMPPVSFHGSDGCWYPMEIRPKKTHDSHLVRSWVTAGEI
DRB1_0409,QGCAINFGKRELKCGDGIFVFRDSDDWLDKYSYYPEDPVKLASIVKASFEEGKCGLNSVDSLEHEMWRSRADEINAILEENEVDISVVVQDSKNIYQRGTHPFSRIRDGLQYGWKTWGKNLVFSPGRKNGSFIIDGKSRKECPFSNRVWNSFQIEEFGTGVFTTRVYMDAVFEYTMDCDGSILGAAVNGKKSAHGSPTFWMGSHEVNGTWMIHTLETLDYKECEWPLTHTIGTSVEESDMFMPRSIGGPVSSHNHIPGYKVQTNGPWMQVPLEVKREACPGTSVVVDGSCDGRGKSTRSTTDSGKIIPEWCCRSCTMPPVSFHGSDGCWYPMEIRPKKTHDSHLVRSWVTAGEI
DRB1_0410,QGCAINFGKRELKCGDGIFVFRDSDDWLDKYSYYPEDPVKLASIVKASFEEGKCGLNSVDSLEHEMWRSRADEINAILEENEVDISVVVQDSKNIYQRGTHPFSRIRDGLQYGWKTWGKNLVFSPGRKNGSFIIDGKSRKECPFSNRVWNSFQIEEFGTGVFTTRVYMDAVFEYTMDCDGSILGAAVNGKKSAHGSPTFWMGSHEVNGTWMIHTLETLDYKECEWPLTHTIGTSVEESDMFMPRSIGGPVSSHNHIPGYKVQTNGPWMQVPLEVKREACPGTSVVVDGSCDGRGKSTRSTTDSGKIIPEWCCRSCTMPPVSFHGSDGCWYPMEIRPKKTHDSHLVRSWVTAGEI
DRB1_0411,QGCAINFGKRELKCGDGIFVFRDSDDWLDKYSYYPEDPVKLASIVKASFEEGKCGLNSVDSLEHEMWRSRADEINAILEENEVDISVVVQDSKNIYQRGTHPFSRIRDGLQYGWKTWGKNLVFSPGRKNGSFIIDGKSRKECPFSNRVWNSFQIEEFGTGVFTTRVYMDAVFEYTMDCDGSILGAAVNGKKSAHGSPTFWMGSHEVNGTWMIHTLETLDYKECEWPLTHTIGTSVEESDMFMPRSIGGPVSSHNHIPGYKVQTNGPWMQVPLEVKREACPGTSVVVDGSCDGRGKSTRSTTDSGKIIPEWCCRSCTMPPVSFHGSDGCWYPMEIRPKKTHDSHLVRSWVTAGEI
DRB1_0412,QGCAINFGKRELKCGDGIFVFRDSDDWLDKYSYYPEDPVKLASIVKASFEEGKCGLNSVDSLEHEMWRSRADEINAILEENEVDISVVVQDSKNIYQRGTHPFSRIRDGLQYGWKTWGKNLVFSPGRKNGSFIIDGKSRKECPFSNRVWNSFQIEEFGTGVFTTRVYMDAVFEYTMDCDGSILGAAVNGKKSAHGSPTFWMGSHEVNGTWMIHTLETLDYKECEWPLTHTIGTSVEESDMFMPRSIGGPVSSHNHIPGYKVQTNGPWMQVPLEVKREACPGTSVVVDGSCDGRGKSTRSTTDSGKIIPEWCCRSCTMPPVSFHGSDGCWYPMEIRPKKTHDSHLVRSWVTAGEI
DRB1_0413,QGCAINFGKRELKCGDGIFVFRDSDDWLDKYSYYPEDPVKLASIVKASFEEGKCGLNSVDSLEHEMWRSRADEINAILEENEVDISVVVQDSKNIYQRGTHPFSRIRDGLQYGWKTWGKNLVFSPGRKNGSFIIDGKSRKECPFSNRVWNSFQIEEFGTGVFTTRVYMDAVFEYTMDCDGSILGAAVNGKKSAHGSPTFWMGSHEVNGTWMIHTLETLDYKECEWPLTHTIGTSVEESDMFMPRSIGGPVSSHNHIPGYKVQTNGPWMQVPLEVKREACPGTSVVVDGSCDGRGKSTRSTTDSGKIIPEWCCRSCTMPPVSFHGSDGCWYPMEIRPKKTHDSHLVRSWVTAGEI
DRB1_0414,QGCAINFGKRELKCGDGIFVFRDSDDWLDKYSYYPEDPVKLASIVKASFEEGKCGLNSVDSLEHEMWRSRADEINAILEENEVDISVVVQDSKNIYQRGTHPFSRIRDGLQYGWKTWGKNLVFSPGRKNGSFIIDGKSRKECPFSNRVWNSFQIEEFGTGVFTTRVYMDAVFEYTMDCDGSILGAAVNGKKSAHGSPTFWMGSHEVNGTWMIHTLETLDYKECEWPLTHTIGTSVEESDMFMPRSIGGPVSSHNHIPGYKVQTNGPWMQVPLEVKREACPGTSVVVDGSCDGRGKSTRSTTDSGKIIPEWCCRSCTMPPVSFHGSDGCWYPMEIRPKKTHDSHLVRSWVTAGEI
DRB1_0415,QGCAINFGKRELKCGDGIFVFRDSDDWLDKYSYYPEDPVKLASIVKASFEEGKCGLNSVDSLEHEMWRSRADEINAILEENEVDISVVVQDSKNIYQRGTHPFSRIRDGLQYGWKTWGKNLVFSPGRKNGSFIIDGKSRKECPFSNRVWNSFQIEEFGTGVFTTRVYMDAVFEYTMDCDGSILGAAVNGKKSAHGSPTFWMGSHEVNGTWMIHTLETLDYKECEWPLTHTIGTSVEESDMFMPRSIGGPVSSHNHIPGYKVQTNGPWMQVPLEVKREACPGTSVVVDGSCDGRGKSTRSTTDSGKIIPEWCCRSCTMPPVSFHGSDGCWYPMEIRPKKTHDSHLVRSWVTAGEI
DRB1_0417,QGCAINFGKRELKCGDGIFVFRDSDDWLDKYSYYPEDPVKLASIVKASFEEGKCGLNSVDSLEHEMWRSRADEINAILEENEVDISVVVQDSKNIYQRGTHPFSRIRDGLQYGWKTWGKNLVFSPGRKNGSFIIDGKSRKECPFSNRVWNSFQIEEFGTGVFTTRVYMDAVFEYTMDCDGSILGAAVNGKKSAHGSPTFWMGSHEVNGTWMIHTLETLDYKECEWPLTHTIGTSVEESDMFMPRSIGGPVSSHNHIPGYKVQTNGPWMQVPLEVKREACPGTSVVVDGSCDGRGKSTRSTTDSGKIIPEWCCRSCTMPPVSFHGSDGCWYPMEIRPKKTHDSHLVRSWVTAGEI
DRB1_0418,QGCAINFGKRELKCGDGIFVFRDSDDWLDKYSYYPEDPVKLASIVKASFEEGKCGLNSVDSLEHEMWRSRADEINAILEENEVDISVVVQDSKNIYQRGTHPFSRIRDGLQYGWKTWGKNLVFSPGRKNGSFIIDGKSRKECPFSNRVWNSFQIEEFGTGVFTTRVYMDAVFEYTMDCDGSILGAAVNGKKSAHGSPTFWMGSHEVNGTWMIHTLETLDYKECEWPLTHTIGTSVEESDMFMPRSIGGPVSSHNHIPGYKVQTNGPWMQVPLEVKREACPGTSVVVDGSCDGRGKSTRSTTDSGKIIPEWCCRSCTMPPVSFHGSDGCWYPMEIRPKKTHDSHLVRSWVTAGEI
DRB1_0419,QGCAINFGKRELKCGDGIFVFRDSDDWLDKYSYYPEDPVKLASIVKASFEEGKCGLNSVDSLEHEMWRSRADEINAILEENEVDISVVVQDSKNIYQRGTHPFSRIRDGLQYGWKTWGKNLVFSPGRKNGSFIIDGKSRKECPFSNRVWNSFQIEEFGTGVFTTRVYMDAVFEYTMDCDGSILGAAVNGKKSAHGSPTFWMGSHEVNGTWMIHTLETLDYKECEWPLTHTIGTSVEESDMFMPRSIGGPVSSHNHIPGYKVQTNGPWMQVPLEVKREACPGTSVVVDGSCDGRGKSTRSTTDSGKIIPEWCCRSCTMPPVSFHGSDGCWYPMEIRPKKTHDSHLVRSWVTAGEI
DRB1_0421,QGCAINFGKRELKCGDGIFVFRDSDDWLDKYSYYPEDPVKLASIVKASFEEGKCGLNSVDSLEHEMWRSRADEINAILEENEVDISVVVQDSKNIYQRGTHPFSRIRDGLQYGWKTWGKNLVFSPGRKNGSFIIDGKSRKECPFSNRVWNSFQIEEFGTGVFTTRVYMDAVFEYTMDCDGSILGAAVNGKKSAHGSPTFWMGSHEVNGTWMIHTLETLDYKECEWPLTHTIGTSVEESDMFMPRSIGGPVSSHNHIPGYKVQTNGPWMQVPLEVKREACPGTSVVVDGSCDGRGKSTRSTTDSGKIIPEWCCRSCTMPPVSFHGSDGCWYPMEIRPKKTHDSHLVRSWVTAGEI
DRB1_0422,QGCAINFGKRELKCGDGIFVFRDSDDWLDKYSYYPEDPVKLASIVKASFEEGKCGLNSVDSLEHEMWRSRADEINAILEENEVDISVVVQDSKNIYQRGTHPFSRIRDGLQYGWKTWGKNLVFSPGRKNGSFIIDGKSRKECPFSNRVWNSFQIEEFGTGVFTTRVYMDAVFEYTMDCDGSILGAAVNGKKSAHGSPTFWMGSHEVNGTWMIHTLETLDYKECEWPLTHTIGTSVEESDMFMPRSIGGPVSSHNHIPGYKVQTNGPWMQVPLEVKREACPGTSVVVDGSCDGRGKSTRSTTDSGKIIPEWCCRSCTMPPVSFHGSDGCWYPMEIRPKKTHDSHLVRSWVTAGEI
DRB1_0701,QGCAINFGKRELKCGDGIFVFRDSDDWLDKYSYYPEDPVKLASIVKASFEEGKCGLNSVDSLEHEMWRSRADEINAILEENEVDISVVVQDSKNIYQRGTHPFSRIRDGLQYGWKTWGKNLVFSPGRKNGSFIIDGKSRKECPFSNRVWNSFQIEEFGTGVFTTRVYMDAVFEYTMDCDGSILGAAVNGKKSAHGSPTFWMGSHEVNGTWMIHTLETLDYKECEWPLTHTIGTSVEESDMFMPRSIGGPVSSHNHIPGYKVQTNGPWMQVPLEVKREACPGTSVVVDGSCDGRGKSTRSTTDSGKIIPEWCCRSCTMPPVSFHGSDGCWYPMEIRPKKTHDSHLVRSWVTAGEI
DRB1_0711,QGCAINFGKRELKCGDGIFVFRDSDDWLDKYSYYPEDPVKLASIVKASFEEGKCGLNSVDSLEHEMWRSRADEINAILEENEVDISVVVQDSKNIYQRGTHPFSRIRDGLQYGWKTWGKNLVFSPGRKNGSFIIDGKSRKECPFSNRVWNSFQIEEFGTGVFTTRVYMDAVFEYTMDCDGSILGAAVNGKKSAHGSPTFWMGSHEVNGTWMIHTLETLDYKECEWPLTHTIGTSVEESDMFMPRSIGGPVSSHNHIPGYKVQTNGPWMQVPLEVKREACPGTSVVVDGSCDGRGKSTRSTTDSGKIIPEWCCRSCTMPPVSFHGSDGCWYPMEIRPKKTHDSHLVRSWVTAGEI
DRB1_0801,QGCAINFGKRELKCGDGIFVFRDSDDWLDKYSYYPEDPVKLASIVKASFEEGKCGLNSVDSLEHEMWRSRADEINAILEENEVDISVVVQDSKNIYQRGTHPFSRIRDGLQYGWKTWGKNLVFSPGRKNGSFIIDGKSRKECPFSNRVWNSFQIEEFGTGVFTTRVYMDAVFEYTMDCDGSILGAAVNGKKSAHGSPTFWMGSHEVNGTWMIHTLETLDYKECEWPLTHTIGTSVEESDMFMPRSIGGPVSSHNHIPGYKVQTNGPWMQVPLEVKREACPGTSVVVDGSCDGRGKSTRSTTDSGKIIPEWCCRSCTMPPVSFHGSDGCWYPMEIRPKKTHDSHLVRSWVTAGEI
DRB1_0802,QGCAINFGKRELKCGDGIFVFRDSDDWLDKYSYYPEDPVKLASIVKASFEEGKCGLNSVDSLEHEMWRSRADEINAILEENEVDISVVVQDSKNIYQRGTHPFSRIRDGLQYGWKTWGKNLVFSPGRKNGSFIIDGKSRKECPFSNRVWNSFQIEEFGTGVFTTRVYMDAVFEYTMDCDGSILGAAVNGKKSAHGSPTFWMGSHEVNGTWMIHTLETLDYKECEWPLTHTIGTSVEESDMFMPRSIGGPVSSHNHIPGYKVQTNGPWMQVPLEVKREACPGTSVVVDGSCDGRGKSTRSTTDSGKIIPEWCCRSCTMPPVSFHGSDGCWYPMEIRPKKTHDSHLVRSWVTAGEI
DRB1_0803,QGCAINFGKRELKCGDGIFVFRDSDDWLDKYSYYPEDPVKLASIVKASFEEGKCGLNSVDSLEHEMWRSRADEINAILEENEVDISVVVQDSKNIYQRGTHPFSRIRDGLQYGWKTWGKNLVFSPGRKNGSFIIDGKSRKECPFSNRVWNSFQIEEFGTGVFTTRVYMDAVFEYTMDCDGSILGAAVNGKKSAHGSPTFWMGSHEVNGTWMIHTLETLDYKECEWPLTHTIGTSVEESDMFMPRSIGGPVSSHNHIPGYKVQTNGPWMQVPLEVKREACPGTSVVVDGSCDGRGKSTRSTTDSGKIIPEWCCRSCTMPPVSFHGSDGCWYPMEIRPKKTHDSHLVRSWVTAGEI
DRB1_0804,QGCAINFGKRELKCGDGIFVFRDSDDWLDKYSYYPEDPVKLASIVKASFEEGKCGLNSVDSLEHEMWRSRADEINAILEENEVDISVVVQDSKNIYQRGTHPFSRIRDGLQYGWKTWGKNLVFSPGRKNGSFIIDGKSRKECPFSNRVWNSFQIEEFGTGVFTTRVYMDAVFEYTMDCDGSILGAAVNGKKSAHGSPTFWMGSHEVNGTWMIHTLETLDYKECEWPLTHTIGTSVEESDMFMPRSIGGPVSSHNHIPGYKVQTNGPWMQVPLEVKREACPGTSVVVDGSCDGRGKSTRSTTDSGKIIPEWCCRSCTMPPVSFHGSDGCWYPMEIRPKKTHDSHLVRSWVTAGEI
DRB1_0805,QGCAINFGKRELKCGDGIFVFRDSDDWLDKYSYYPEDPVKLASIVKASFEEGKCGLNSVDSLEHEMWRSRADEINAILEENEVDISVVVQDSKNIYQRGTHPFSRIRDGLQYGWKTWGKNLVFSPGRKNGSFIIDGKSRKECPFSNRVWNSFQIEEFGTGVFTTRVYMDAVFEYTMDCDGSILGAAVNGKKSAHGSPTFWMGSHEVNGTWMIHTLETLDYKECEWPLTHTIGTSVEESDMFMPRSIGGPVSSHNHIPGYKVQTNGPWMQVPLEVKREACPGTSVVVDGSCDGRGKSTRSTTDSGKIIPEWCCRSCTMPPVSFHGSDGCWYPMEIRPKKTHDSHLVRSWVTAGEI
DRB1_0806,QGCAINFGKRELKCGDGIFVFRDSDDWLDKYSYYPEDPVKLASIVKASFEEGKCGLNSVDSLEHEMWRSRADEINAILEENEVDISVVVQDSKNIYQRGTHPFSRIRDGLQYGWKTWGKNLVFSPGRKNGSFIIDGKSRKECPFSNRVWNSFQIEEFGTGVFTTRVYMDAVFEYTMDCDGSILGAAVNGKKSAHGSPTFWMGSHEVNGTWMIHTLETLDYKECEWPLTHTIGTSVEESDMFMPRSIGGPVSSHNHIPGYKVQTNGPWMQVPLEVKREACPGTSVVVDGSCDGRGKSTRSTTDSGKIIPEWCCRSCTMPPVSFHGSDGCWYPMEIRPKKTHDSHLVRSWVTAGEI
DRB1_0807,QGCAINFGKRELKCGDGIFVFRDSDDWLDKYSYYPEDPVKLASIVKASFEEGKCGLNSVDSLEHEMWRSRADEINAILEENEVDISVVVQDSKNIYQRGTHPFSRIRDGLQYGWKTWGKNLVFSPGRKNGSFIIDGKSRKECPFSNRVWNSFQIEEFGTGVFTTRVYMDAVFEYTMDCDGSILGAAVNGKKSAHGSPTFWMGSHEVNGTWMIHTLETLDYKECEWPLTHTIGTSVEESDMFMPRSIGGPVSSHNHIPGYKVQTNGPWMQVPLEVKREACPGTSVVVDGSCDGRGKSTRSTTDSGKIIPEWCCRSCTMPPVSFHGSDGCWYPMEIRPKKTHDSHLVRSWVTAGEI
DRB1_0808,QGCAINFGKRELKCGDGIFVFRDSDDWLDKYSYYPEDPVKLASIVKASFEEGKCGLNSVDSLEHEMWRSRADEINAILEENEVDISVVVQDSKNIYQRGTHPFSRIRDGLQYGWKTWGKNLVFSPGRKNGSFIIDGKSRKECPFSNRVWNSFQIEEFGTGVFTTRVYMDAVFEYTMDCDGSILGAAVNGKKSAHGSPTFWMGSHEVNGTWMIHTLETLDYKECEWPLTHTIGTSVEESDMFMPRSIGGPVSSHNHIPGYKVQTNGPWMQVPLEVKREACPGTSVVVDGSCDGRGKSTRSTTDSGKIIPEWCCRSCTMPPVSFHGSDGCWYPMEIRPKKTHDSHLVRSWVTAGEI
DRB1_0901,QGCAINFGKRELKCGDGIFVFRDSDDWLDKYSYYPEDPVKLASIVKASFEEGKCGLNSVDSLEHEMWRSRADEINAILEENEVDISVVVQDSKNIYQRGTHPFSRIRDGLQYGWKTWGKNLVFSPGRKNGSFIIDGKSRKECPFSNRVWNSFQIEEFGTGVFTTRVYMDAVFEYTMDCDGSILGAAVNGKKSAHGSPTFWMGSHEVNGTWMIHTLETLDYKECEWPLTHTIGTSVEESDMFMPRSIGGPVSSHNHIPGYKVQTNGPWMQVPLEVKREACPGTSVVVDGSCDGRGKSTRSTTDSGKIIPEWCCRSCTMPPVSFHGSDGCWYPMEIRPKKTHDSHLVRSWVTAGEI
DRB1_1001,QGCAINFGKRELKCGDGIFVFRDSDDWLDKYSYYPEDPVKLASIVKASFEEGKCGLNSVDSLEHEMWRSRADEINAILEENEVDISVVVQDSKNIYQRGTHPFSRIRDGLQYGWKTWGKNLVFSPGRKNGSFIIDGKSRKECPFSNRVWNSFQIEEFGTGVFTTRVYMDAVFEYTMDCDGSILGAAVNGKKSAHGSPTFWMGSHEVNGTWMIHTLETLDYKECEWPLTHTIGTSVEESDMFMPRSIGGPVSSHNHIPGYKVQTNGPWMQVPLEVKREACPGTSVVVDGSCDGRGKSTRSTTDSGKIIPEWCCRSCTMPPVSFHGSDGCWYPMEIRPKKTHDSHLVRSWVTAGEI
DRB1_1101,QGCAINFGKRELKCGDGIFVFRDSDDWLDKYSYYPEDPVKLASIVKASFEEGKCGLNSVDSLEHEMWRSRADEINAILEENEVDISVVVQDSKNIYQRGTHPFSRIRDGLQYGWKTWGKNLVFSPGRKNGSFIIDGKSRKECPFSNRVWNSFQIEEFGTGVFTTRVYMDAVFEYTMDCDGSILGAAVNGKKSAHGSPTFWMGSHEVNGTWMIHTLETLDYKECEWPLTHTIGTSVEESDMFMPRSIGGPVSSHNHIPGYKVQTNGPWMQVPLEVKREACPGTSVVVDGSCDGRGKSTRSTTDSGKIIPEWCCRSCTMPPVSFHGSDGCWYPMEIRPKKTHDSHLVRSWVTAGEI
DRB1_1102,QGCAINFGKRELKCGDGIFVFRDSDDWLDKYSYYPEDPVKLASIVKASFEEGKCGLNSVDSLEHEMWRSRADEINAILEENEVDISVVVQDSKNIYQRGTHPFSRIRDGLQYGWKTWGKNLVFSPGRKNGSFIIDGKSRKECPFSNRVWNSFQIEEFGTGVFTTRVYMDAVFEYTMDCDGSILGAAVNGKKSAHGSPTFWMGSHEVNGTWMIHTLETLDYKECEWPLTHTIGTSVEESDMFMPRSIGGPVSSHNHIPGYKVQTNGPWMQVPLEVKREACPGTSVVVDGSCDGRGKSTRSTTDSGKIIPEWCCRSCTMPPVSFHGSDGCWYPMEIRPKKTHDSHLVRSWVTAGEI
DRB1_1103,QGCAINFGKRELKCGDGIFVFRDSDDWLDKYSYYPEDPVKLASIVKASFEEGKCGLNSVDSLEHEMWRSRADEINAILEENEVDISVVVQDSKNIYQRGTHPFSRIRDGLQYGWKTWGKNLVFSPGRKNGSFIIDGKSRKECPFSNRVWNSFQIEEFGTGVFTTRVYMDAVFEYTMDCDGSILGAAVNGKKSAHGSPTFWMGSHEVNGTWMIHTLETLDYKECEWPLTHTIGTSVEESDMFMPRSIGGPVSSHNHIPGYKVQTNGPWMQVPLEVKREACPGTSVVVDGSCDGRGKSTRSTTDSGKIIPEWCCRSCTMPPVSFHGSDGCWYPMEIRPKKTHDSHLVRSWVTAGEI
DRB1_1104,QGCAINFGKRELKCGDGIFVFRDSDDWLDKYSYYPEDPVKLASIVKASFEEGKCGLNSVDSLEHEMWRSRADEINAILEENEVDISVVVQDSKNIYQRGTHPFSRIRDGLQYGWKTWGKNLVFSPGRKNGSFIIDGKSRKECPFSNRVWNSFQIEEFGTGVFTTRVYMDAVFEYTMDCDGSILGAAVNGKKSAHGSPTFWMGSHEVNGTWMIHTLETLDYKECEWPLTHTIGTSVEESDMFMPRSIGGPVSSHNHIPGYKVQTNGPWMQVPLEVKREACPGTSVVVDGSCDGRGKSTRSTTDSGKIIPEWCCRSCTMPPVSFHGSDGCWYPMEIRPKKTHDSHLVRSWVTAGEI
DRB1_1105,QGCAINFGKRELKCGDGIFVFRDSDDWLDKYSYYPEDPVKLASIVKASFEEGKCGLNSVDSLEHEMWRSRADEINAILEENEVDISVVVQDSKNIYQRGTHPFSRIRDGLQYGWKTWGKNLVFSPGRKNGSFIIDGKSRKECPFSNRVWNSFQIEEFGTGVFTTRVYMDAVFEYTMDCDGSILGAAVNGKKSAHGSPTFWMGSHEVNGTWMIHTLETLDYKECEWPLTHTIGTSVEESDMFMPRSIGGPVSSHNHIPGYKVQTNGPWMQVPLEVKREACPGTSVVVDGSCDGRGKSTRSTTDSGKIIPEWCCRSCTMPPVSFHGSDGCWYPMEIRPKKTHDSHLVRSWVTAGEI
DRB1_1106,QGCAINFGKRELKCGDGIFVFRDSDDWLDKYSYYPEDPVKLASIVKASFEEGKCGLNSVDSLEHEMWRSRADEINAILEENEVDISVVVQDSKNIYQRGTHPFSRIRDGLQYGWKTWGKNLVFSPGRKNGSFIIDGKSRKECPFSNRVWNSFQIEEFGTGVFTTRVYMDAVFEYTMDCDGSILGAAVNGKKSAHGSPTFWMGSHEVNGTWMIHTLETLDYKECEWPLTHTIGTSVEESDMFMPRSIGGPVSSHNHIPGYKVQTNGPWMQVPLEVKREACPGTSVVVDGSCDGRGKSTRSTTDSGKIIPEWCCRSCTMPPVSFHGSDGCWYPMEIRPKKTHDSHLVRSWVTAGEI
DRB1_1107,QGCAINFGKRELKCGDGIFVFRDSDDWLDKYSYYPEDPVKLASIVKASFEEGKCGLNSVDSLEHEMWRSRADEINAILEENEVDISVVVQDSKNIYQRGTHPFSRIRDGLQYGWKTWGKNLVFSPGRKNGSFIIDGKSRKECPFSNRVWNSFQIEEFGTGVFTTRVYMDAVFEYTMDCDGSILGAAVNGKKSAHGSPTFWMGSHEVNGTWMIHTLETLDYKECEWPLTHTIGTSVEESDMFMPRSIGGPVSSHNHIPGYKVQTNGPWMQVPLEVKREACPGTSVVVDGSCDGRGKSTRSTTDSGKIIPEWCCRSCTMPPVSFHGSDGCWYPMEIRPKKTHDSHLVRSWVTAGEI
DRB1_1109,QGCAINFGKRELKCGDGIFVFRDSDDWLDKYSYYPEDPVKLASIVKASFEEGKCGLNSVDSLEHEMWRSRADEINAILEENEVDISVVVQDSKNIYQRGTHPFSRIRDGLQYGWKTWGKNLVFSPGRKNGSFIIDGKSRKECPFSNRVWNSFQIEEFGTGVFTTRVYMDAVFEYTMDCDGSILGAAVNGKKSAHGSPTFWMGSHEVNGTWMIHTLETLDYKECEWPLTHTIGTSVEESDMFMPRSIGGPVSSHNHIPGYKVQTNGPWMQVPLEVKREACPGTSVVVDGSCDGRGKSTRSTTDSGKIIPEWCCRSCTMPPVSFHGSDGCWYPMEIRPKKTHDSHLVRSWVTAGEI
DRB1_1111,QGCAINFGKRELKCGDGIFVFRDSDDWLDKYSYYPEDPVKLASIVKASFEEGKCGLNSVDSLEHEMWRSRADEINAILEENEVDISVVVQDSKNIYQRGTHPFSRIRDGLQYGWKTWGKNLVFSPGRKNGSFIIDGKSRKECPFSNRVWNSFQIEEFGTGVFTTRVYMDAVFEYTMDCDGSILGAAVNGKKSAHGSPTFWMGSHEVNGTWMIHTLETLDYKECEWPLTHTIGTSVEESDMFMPRSIGGPVSSHNHIPGYKVQTNGPWMQVPLEVKREACPGTSVVVDGSCDGRGKSTRSTTDSGKIIPEWCCRSCTMPPVSFHGSDGCWYPMEIRPKKTHDSHLVRSWVTAGEI
DRB1_1113,QGCAINFGKRELKCGDGIFVFRDSDDWLDKYSYYPEDPVKLASIVKASFEEGKCGLNSVDSLEHEMWRSRADEINAILEENEVDISVVVQDSKNIYQRGTHPFSRIRDGLQYGWKTWGKNLVFSPGRKNGSFIIDGKSRKECPFSNRVWNSFQIEEFGTGVFTTRVYMDAVFEYTMDCDGSILGAAVNGKKSAHGSPTFWMGSHEVNGTWMIHTLETLDYKECEWPLTHTIGTSVEESDMFMPRSIGGPVSSHNHIPGYKVQTNGPWMQVPLEVKREACPGTSVVVDGSCDGRGKSTRSTTDSGKIIPEWCCRSCTMPPVSFHGSDGCWYPMEIRPKKTHDSHLVRSWVTAGEI
DRB1_1114,QGCAINFGKRELKCGDGIFVFRDSDDWLDKYSYYPEDPVKLASIVKASFEEGKCGLNSVDSLEHEMWRSRADEINAILEENEVDISVVVQDSKNIYQRGTHPFSRIRDGLQYGWKTWGKNLVFSPGRKNGSFIIDGKSRKECPFSNRVWNSFQIEEFGTGVFTTRVYMDAVFEYTMDCDGSILGAAVNGKKSAHGSPTFWMGSHEVNGTWMIHTLETLDYKECEWPLTHTIGTSVEESDMFMPRSIGGPVSSHNHIPGYKVQTNGPWMQVPLEVKREACPGTSVVVDGSCDGRGKSTRSTTDSGKIIPEWCCRSCTMPPVSFHGSDGCWYPMEIRPKKTHDSHLVRSWVTAGEI
DRB1_1115,QGCAINFGKRELKCGDGIFVFRDSDDWLDKYSYYPEDPVKLASIVKASFEEGKCGLNSVDSLEHEMWRSRADEINAILEENEVDISVVVQDSKNIYQRGTHPFSRIRDGLQYGWKTWGKNLVFSPGRKNGSFIIDGKSRKECPFSNRVWNSFQIEEFGTGVFTTRVYMDAVFEYTMDCDGSILGAAVNGKKSAHGSPTFWMGSHEVNGTWMIHTLETLDYKECEWPLTHTIGTSVEESDMFMPRSIGGPVSSHNHIPGYKVQTNGPWMQVPLEVKREACPGTSVVVDGSCDGRGKSTRSTTDSGKIIPEWCCRSCTMPPVSFHGSDGCWYPMEIRPKKTHDSHLVRSWVTAGEI
DRB1_1116,QGCAINFGKRELKCGDGIFVFRDSDDWLDKYSYYPEDPVKLASIVKASFEEGKCGLNSVDSLEHEMWRSRADEINAILEENEVDISVVVQDSKNIYQRGTHPFSRIRDGLQYGWKTWGKNLVFSPGRKNGSFIIDGKSRKECPFSNRVWNSFQIEEFGTGVFTTRVYMDAVFEYTMDCDGSILGAAVNGKKSAHGSPTFWMGSHEVNGTWMIHTLETLDYKECEWPLTHTIGTSVEESDMFMPRSIGGPVSSHNHIPGYKVQTNGPWMQVPLEVKREACPGTSVVVDGSCDGRGKSTRSTTDSGKIIPEWCCRSCTMPPVSFHGSDGCWYPMEIRPKKTHDSHLVRSWVTAGEI
DRB1_1117,QGCAINFGKRELKCGDGIFVFRDSDDWLDKYSYYPEDPVKLASIVKASFEEGKCGLNSVDSLEHEMWRSRADEINAILEENEVDISVVVQDSKNIYQRGTHPFSRIRDGLQYGWKTWGKNLVFSPGRKNGSFIIDGKSRKECPFSNRVWNSFQIEEFGTGVFTTRVYMDAVFEYTMDCDGSILGAAVNGKKSAHGSPTFWMGSHEVNGTWMIHTLETLDYKECEWPLTHTIGTSVEESDMFMPRSIGGPVSSHNHIPGYKVQTNGPWMQVPLEVKREACPGTSVVVDGSCDGRGKSTRSTTDSGKIIPEWCCRSCTMPPVSFHGSDGCWYPMEIRPKKTHDSHLVRSWVTAGEI
DRB1_1118,QGCAINFGKRELKCGDGIFVFRDSDDWLDKYSYYPEDPVKLASIVKASFEEGKCGLNSVDSLEHEMWRSRADEINAILEENEVDISVVVQDSKNIYQRGTHPFSRIRDGLQYGWKTWGKNLVFSPGRKNGSFIIDGKSRKECPFSNRVWNSFQIEEFGTGVFTTRVYMDAVFEYTMDCDGSILGAAVNGKKSAHGSPTFWMGSHEVNGTWMIHTLETLDYKECEWPLTHTIGTSVEESDMFMPRSIGGPVSSHNHIPGYKVQTNGPWMQVPLEVKREACPGTSVVVDGSCDGRGKSTRSTTDSGKIIPEWCCRSCTMPPVSFHGSDGCWYPMEIRPKKTHDSHLVRSWVTAGEI
DRB1_1119,QGCAINFGKRELKCGDGIFVFRDSDDWLDKYSYYPEDPVKLASIVKASFEEGKCGLNSVDSLEHEMWRSRADEINAILEENEVDISVVVQDSKNIYQRGTHPFSRIRDGLQYGWKTWGKNLVFSPGRKNGSFIIDGKSRKECPFSNRVWNSFQIEEFGTGVFTTRVYMDAVFEYTMDCDGSILGAAVNGKKSAHGSPTFWMGSHEVNGTWMIHTLETLDYKECEWPLTHTIGTSVEESDMFMPRSIGGPVSSHNHIPGYKVQTNGPWMQVPLEVKREACPGTSVVVDGSCDGRGKSTRSTTDSGKIIPEWCCRSCTMPPVSFHGSDGCWYPMEIRPKKTHDSHLVRSWVTAGEI
DRB1_1201,QGCAINFGKRELKCGDGIFVFRDSDDWLDKYSYYPEDPVKLASIVKASFEEGKCGLNSVDSLEHEMWRSRADEINAILEENEVDISVVVQDSKNIYQRGTHPFSRIRDGLQYGWKTWGKNLVFSPGRKNGSFIIDGKSRKECPFSNRVWNSFQIEEFGTGVFTTRVYMDAVFEYTMDCDGSILGAAVNGKKSAHGSPTFWMGSHEVNGTWMIHTLETLDYKECEWPLTHTIGTSVEESDMFMPRSIGGPVSSHNHIPGYKVQTNGPWMQVPLEVKREACPGTSVVVDGSCDGRGKSTRSTTDSGKIIPEWCCRSCTMPPVSFHGSDGCWYPMEIRPKKTHDSHLVRSWVTAGEI
DRB1_1202,QGCAINFGKRELKCGDGIFVFRDSDDWLDKYSYYPEDPVKLASIVKASFEEGKCGLNSVDSLEHEMWRSRADEINAILEENEVDISVVVQDSKNIYQRGTHPFSRIRDGLQYGWKTWGKNLVFSPGRKNGSFIIDGKSRKECPFSNRVWNSFQIEEFGTGVFTTRVYMDAVFEYTMDCDGSILGAAVNGKKSAHGSPTFWMGSHEVNGTWMIHTLETLDYKECEWPLTHTIGTSVEESDMFMPRSIGGPVSSHNHIPGYKVQTNGPWMQVPLEVKREACPGTSVVVDGSCDGRGKSTRSTTDSGKIIPEWCCRSCTMPPVSFHGSDGCWYPMEIRPKKTHDSHLVRSWVTAGEI
DRB1_1204,QGCAINFGKRELKCGDGIFVFRDSDDWLDKYSYYPEDPVKLASIVKASFEEGKCGLNSVDSLEHEMWRSRADEINAILEENEVDISVVVQDSKNIYQRGTHPFSRIRDGLQYGWKTWGKNLVFSPGRKNGSFIIDGKSRKECPFSNRVWNSFQIEEFGTGVFTTRVYMDAVFEYTMDCDGSILGAAVNGKKSAHGSPTFWMGSHEVNGTWMIHTLETLDYKECEWPLTHTIGTSVEESDMFMPRSIGGPVSSHNHIPGYKVQTNGPWMQVPLEVKREACPGTSVVVDGSCDGRGKSTRSTTDSGKIIPEWCCRSCTMPPVSFHGSDGCWYPMEIRPKKTHDSHLVRSWVTAGEI
DRB1_1301,QGCAINFGKRELKCGDGIFVFRDSDDWLDKYSYYPEDPVKLASIVKASFEEGKCGLNSVDSLEHEMWRSRADEINAILEENEVDISVVVQDSKNIYQRGTHPFSRIRDGLQYGWKTWGKNLVFSPGRKNGSFIIDGKSRKECPFSNRVWNSFQIEEFGTGVFTTRVYMDAVFEYTMDCDGSILGAAVNGKKSAHGSPTFWMGSHEVNGTWMIHTLETLDYKECEWPLTHTIGTSVEESDMFMPRSIGGPVSSHNHIPGYKVQTNGPWMQVPLEVKREACPGTSVVVDGSCDGRGKSTRSTTDSGKIIPEWCCRSCTMPPVSFHGSDGCWYPMEIRPKKTHDSHLVRSWVTAGEI
DRB1_1302,QGCAINFGKRELKCGDGIFVFRDSDDWLDKYSYYPEDPVKLASIVKASFEEGKCGLNSVDSLEHEMWRSRADEINAILEENEVDISVVVQDSKNIYQRGTHPFSRIRDGLQYGWKTWGKNLVFSPGRKNGSFIIDGKSRKECPFSNRVWNSFQIEEFGTGVFTTRVYMDAVFEYTMDCDGSILGAAVNGKKSAHGSPTFWMGSHEVNGTWMIHTLETLDYKECEWPLTHTIGTSVEESDMFMPRSIGGPVSSHNHIPGYKVQTNGPWMQVPLEVKREACPGTSVVVDGSCDGRGKSTRSTTDSGKIIPEWCCRSCTMPPVSFHGSDGCWYPMEIRPKKTHDSHLVRSWVTAGEI
DRB1_1303,QGCAINFGKRELKCGDGIFVFRDSDDWLDKYSYYPEDPVKLASIVKASFEEGKCGLNSVDSLEHEMWRSRADEINAILEENEVDISVVVQDSKNIYQRGTHPFSRIRDGLQYGWKTWGKNLVFSPGRKNGSFIIDGKSRKECPFSNRVWNSFQIEEFGTGVFTTRVYMDAVFEYTMDCDGSILGAAVNGKKSAHGSPTFWMGSHEVNGTWMIHTLETLDYKECEWPLTHTIGTSVEESDMFMPRSIGGPVSSHNHIPGYKVQTNGPWMQVPLEVKREACPGTSVVVDGSCDGRGKSTRSTTDSGKIIPEWCCRSCTMPPVSFHGSDGCWYPMEIRPKKTHDSHLVRSWVTAGEI
DRB1_1304,QGCAINFGKRELKCGDGIFVFRDSDDWLDKYSYYPEDPVKLASIVKASFEEGKCGLNSVDSLEHEMWRSRADEINAILEENEVDISVVVQDSKNIYQRGTHPFSRIRDGLQYGWKTWGKNLVFSPGRKNGSFIIDGKSRKECPFSNRVWNSFQIEEFGTGVFTTRVYMDAVFEYTMDCDGSILGAAVNGKKSAHGSPTFWMGSHEVNGTWMIHTLETLDYKECEWPLTHTIGTSVEESDMFMPRSIGGPVSSHNHIPGYKVQTNGPWMQVPLEVKREACPGTSVVVDGSCDGRGKSTRSTTDSGKIIPEWCCRSCTMPPVSFHGSDGCWYPMEIRPKKTHDSHLVRSWVTAGEI
DRB1_1305,QGCAINFGKRELKCGDGIFVFRDSDDWLDKYSYYPEDPVKLASIVKASFEEGKCGLNSVDSLEHEMWRSRADEINAILEENEVDISVVVQDSKNIYQRGTHPFSRIRDGLQYGWKTWGKNLVFSPGRKNGSFIIDGKSRKECPFSNRVWNSFQIEEFGTGVFTTRVYMDAVFEYTMDCDGSILGAAVNGKKSAHGSPTFWMGSHEVNGTWMIHTLETLDYKECEWPLTHTIGTSVEESDMFMPRSIGGPVSSHNHIPGYKVQTNGPWMQVPLEVKREACPGTSVVVDGSCDGRGKSTRSTTDSGKIIPEWCCRSCTMPPVSFHGSDGCWYPMEIRPKKTHDSHLVRSWVTAGEI
DRB1_1306,QGCAINFGKRELKCGDGIFVFRDSDDWLDKYSYYPEDPVKLASIVKASFEEGKCGLNSVDSLEHEMWRSRADEINAILEENEVDISVVVQDSKNIYQRGTHPFSRIRDGLQYGWKTWGKNLVFSPGRKNGSFIIDGKSRKECPFSNRVWNSFQIEEFGTGVFTTRVYMDAVFEYTMDCDGSILGAAVNGKKSAHGSPTFWMGSHEVNGTWMIHTLETLDYKECEWPLTHTIGTSVEESDMFMPRSIGGPVSSHNHIPGYKVQTNGPWMQVPLEVKREACPGTSVVVDGSCDGRGKSTRSTTDSGKIIPEWCCRSCTMPPVSFHGSDGCWYPMEIRPKKTHDSHLVRSWVTAGEI
DRB1_1307,QGCAINFGKRELKCGDGIFVFRDSDDWLDKYSYYPEDPVKLASIVKASFEEGKCGLNSVDSLEHEMWRSRADEINAILEENEVDISVVVQDSKNIYQRGTHPFSRIRDGLQYGWKTWGKNLVFSPGRKNGSFIIDGKSRKECPFSNRVWNSFQIEEFGTGVFTTRVYMDAVFEYTMDCDGSILGAAVNGKKSAHGSPTFWMGSHEVNGTWMIHTLETLDYKECEWPLTHTIGTSVEESDMFMPRSIGGPVSSHNHIPGYKVQTNGPWMQVPLEVKREACPGTSVVVDGSCDGRGKSTRSTTDSGKIIPEWCCRSCTMPPVSFHGSDGCWYPMEIRPKKTHDSHLVRSWVTAGEI
DRB1_1308,QGCAINFGKRELKCGDGIFVFRDSDDWLDKYSYYPEDPVKLASIVKASFEEGKCGLNSVDSLEHEMWRSRADEINAILEENEVDISVVVQDSKNIYQRGTHPFSRIRDGLQYGWKTWGKNLVFSPGRKNGSFIIDGKSRKECPFSNRVWNSFQIEEFGTGVFTTRVYMDAVFEYTMDCDGSILGAAVNGKKSAHGSPTFWMGSHEVNGTWMIHTLETLDYKECEWPLTHTIGTSVEESDMFMPRSIGGPVSSHNHIPGYKVQTNGPWMQVPLEVKREACPGTSVVVDGSCDGRGKSTRSTTDSGKIIPEWCCRSCTMPPVSFHGSDGCWYPMEIRPKKTHDSHLVRSWVTAGEI
DRB1_1309,QGCAINFGKRELKCGDGIFVFRDSDDWLDKYSYYPEDPVKLASIVKASFEEGKCGLNSVDSLEHEMWRSRADEINAILEENEVDISVVVQDSKNIYQRGTHPFSRIRDGLQYGWKTWGKNLVFSPGRKNGSFIIDGKSRKECPFSNRVWNSFQIEEFGTGVFTTRVYMDAVFEYTMDCDGSILGAAVNGKKSAHGSPTFWMGSHEVNGTWMIHTLETLDYKECEWPLTHTIGTSVEESDMFMPRSIGGPVSSHNHIPGYKVQTNGPWMQVPLEVKREACPGTSVVVDGSCDGRGKSTRSTTDSGKIIPEWCCRSCTMPPVSFHGSDGCWYPMEIRPKKTHDSHLVRSWVTAGEI
DRB1_1310,QGCAINFGKRELKCGDGIFVFRDSDDWLDKYSYYPEDPVKLASIVKASFEEGKCGLNSVDSLEHEMWRSRADEINAILEENEVDISVVVQDSKNIYQRGTHPFSRIRDGLQYGWKTWGKNLVFSPGRKNGSFIIDGKSRKECPFSNRVWNSFQIEEFGTGVFTTRVYMDAVFEYTMDCDGSILGAAVNGKKSAHGSPTFWMGSHEVNGTWMIHTLETLDYKECEWPLTHTIGTSVEESDMFMPRSIGGPVSSHNHIPGYKVQTNGPWMQVPLEVKREACPGTSVVVDGSCDGRGKSTRSTTDSGKIIPEWCCRSCTMPPVSFHGSDGCWYPMEIRPKKTHDSHLVRSWVTAGEI
DRB1_1311,QGCAINFGKRELKCGDGIFVFRDSDDWLDKYSYYPEDPVKLASIVKASFEEGKCGLNSVDSLEHEMWRSRADEINAILEENEVDISVVVQDSKNIYQRGTHPFSRIRDGLQYGWKTWGKNLVFSPGRKNGSFIIDGKSRKECPFSNRVWNSFQIEEFGTGVFTTRVYMDAVFEYTMDCDGSILGAAVNGKKSAHGSPTFWMGSHEVNGTWMIHTLETLDYKECEWPLTHTIGTSVEESDMFMPRSIGGPVSSHNHIPGYKVQTNGPWMQVPLEVKREACPGTSVVVDGSCDGRGKSTRSTTDSGKIIPEWCCRSCTMPPVSFHGSDGCWYPMEIRPKKTHDSHLVRSWVTAGEI
DRB1_1312,QGCAINFGKRELKCGDGIFVFRDSDDWLDKYSYYPEDPVKLASIVKASFEEGKCGLNSVDSLEHEMWRSRADEINAILEENEVDISVVVQDSKNIYQRGTHPFSRIRDGLQYGWKTWGKNLVFSPGRKNGSFIIDGKSRKECPFSNRVWNSFQIEEFGTGVFTTRVYMDAVFEYTMDCDGSILGAAVNGKKSAHGSPTFWMGSHEVNGTWMIHTLETLDYKECEWPLTHTIGTSVEESDMFMPRSIGGPVSSHNHIPGYKVQTNGPWMQVPLEVKREACPGTSVVVDGSCDGRGKSTRSTTDSGKIIPEWCCRSCTMPPVSFHGSDGCWYPMEIRPKKTHDSHLVRSWVTAGEI
DRB1_1313,QGCAINFGKRELKCGDGIFVFRDSDDWLDKYSYYPEDPVKLASIVKASFEEGKCGLNSVDSLEHEMWRSRADEINAILEENEVDISVVVQDSKNIYQRGTHPFSRIRDGLQYGWKTWGKNLVFSPGRKNGSFIIDGKSRKECPFSNRVWNSFQIEEFGTGVFTTRVYMDAVFEYTMDCDGSILGAAVNGKKSAHGSPTFWMGSHEVNGTWMIHTLETLDYKECEWPLTHTIGTSVEESDMFMPRSIGGPVSSHNHIPGYKVQTNGPWMQVPLEVKREACPGTSVVVDGSCDGRGKSTRSTTDSGKIIPEWCCRSCTMPPVSFHGSDGCWYPMEIRPKKTHDSHLVRSWVTAGEI
DRB1_1314,QGCAINFGKRELKCGDGIFVFRDSDDWLDKYSYYPEDPVKLASIVKASFEEGKCGLNSVDSLEHEMWRSRADEINAILEENEVDISVVVQDSKNIYQRGTHPFSRIRDGLQYGWKTWGKNLVFSPGRKNGSFIIDGKSRKECPFSNRVWNSFQIEEFGTGVFTTRVYMDAVFEYTMDCDGSILGAAVNGKKSAHGSPTFWMGSHEVNGTWMIHTLETLDYKECEWPLTHTIGTSVEESDMFMPRSIGGPVSSHNHIPGYKVQTNGPWMQVPLEVKREACPGTSVVVDGSCDGRGKSTRSTTDSGKIIPEWCCRSCTMPPVSFHGSDGCWYPMEIRPKKTHDSHLVRSWVTAGEI
DRB1_1315,QGCAINFGKRELKCGDGIFVFRDSDDWLDKYSYYPEDPVKLASIVKASFEEGKCGLNSVDSLEHEMWRSRADEINAILEENEVDISVVVQDSKNIYQRGTHPFSRIRDGLQYGWKTWGKNLVFSPGRKNGSFIIDGKSRKECPFSNRVWNSFQIEEFGTGVFTTRVYMDAVFEYTMDCDGSILGAAVNGKKSAHGSPTFWMGSHEVNGTWMIHTLETLDYKECEWPLTHTIGTSVEESDMFMPRSIGGPVSSHNHIPGYKVQTNGPWMQVPLEVKREACPGTSVVVDGSCDGRGKSTRSTTDSGKIIPEWCCRSCTMPPVSFHGSDGCWYPMEIRPKKTHDSHLVRSWVTAGEI
DRB1_1316,QGCAINFGKRELKCGDGIFVFRDSDDWLDKYSYYPEDPVKLASIVKASFEEGKCGLNSVDSLEHEMWRSRADEINAILEENEVDISVVVQDSKNIYQRGTHPFSRIRDGLQYGWKTWGKNLVFSPGRKNGSFIIDGKSRKECPFSNRVWNSFQIEEFGTGVFTTRVYMDAVFEYTMDCDGSILGAAVNGKKSAHGSPTFWMGSHEVNGTWMIHTLETLDYKECEWPLTHTIGTSVEESDMFMPRSIGGPVSSHNHIPGYKVQTNGPWMQVPLEVKREACPGTSVVVDGSCDGRGKSTRSTTDSGKIIPEWCCRSCTMPPVSFHGSDGCWYPMEIRPKKTHDSHLVRSWVTAGEI
DRB1_1317,QGCAINFGKRELKCGDGIFVFRDSDDWLDKYSYYPEDPVKLASIVKASFEEGKCGLNSVDSLEHEMWRSRADEINAILEENEVDISVVVQDSKNIYQRGTHPFSRIRDGLQYGWKTWGKNLVFSPGRKNGSFIIDGKSRKECPFSNRVWNSFQIEEFGTGVFTTRVYMDAVFEYTMDCDGSILGAAVNGKKSAHGSPTFWMGSHEVNGTWMIHTLETLDYKECEWPLTHTIGTSVEESDMFMPRSIGGPVSSHNHIPGYKVQTNGPWMQVPLEVKREACPGTSVVVDGSCDGRGKSTRSTTDSGKIIPEWCCRSCTMPPVSFHGSDGCWYPMEIRPKKTHDSHLVRSWVTAGEI
DRB1_1318,QGCAINFGKRELKCGDGIFVFRDSDDWLDKYSYYPEDPVKLASIVKASFEEGKCGLNSVDSLEHEMWRSRADEINAILEENEVDISVVVQDSKNIYQRGTHPFSRIRDGLQYGWKTWGKNLVFSPGRKNGSFIIDGKSRKECPFSNRVWNSFQIEEFGTGVFTTRVYMDAVFEYTMDCDGSILGAAVNGKKSAHGSPTFWMGSHEVNGTWMIHTLETLDYKECEWPLTHTIGTSVEESDMFMPRSIGGPVSSHNHIPGYKVQTNGPWMQVPLEVKREACPGTSVVVDGSCDGRGKSTRSTTDSGKIIPEWCCRSCTMPPVSFHGSDGCWYPMEIRPKKTHDSHLVRSWVTAGEI
DRB1_1319,QGCAINFGKRELKCGDGIFVFRDSDDWLDKYSYYPEDPVKLASIVKASFEEGKCGLNSVDSLEHEMWRSRADEINAILEENEVDISVVVQDSKNIYQRGTHPFSRIRDGLQYGWKTWGKNLVFSPGRKNGSFIIDGKSRKECPFSNRVWNSFQIEEFGTGVFTTRVYMDAVFEYTMDCDGSILGAAVNGKKSAHGSPTFWMGSHEVNGTWMIHTLETLDYKECEWPLTHTIGTSVEESDMFMPRSIGGPVSSHNHIPGYKVQTNGPWMQVPLEVKREACPGTSVVVDGSCDGRGKSTRSTTDSGKIIPEWCCRSCTMPPVSFHGSDGCWYPMEIRPKKTHDSHLVRSWVTAGEI
DRB1_1401,QGCAINFGKRELKCGDGIFVFRDSDDWLDKYSYYPEDPVKLASIVKASFEEGKCGLNSVDSLEHEMWRSRADEINAILEENEVDISVVVQDSKNIYQRGTHPFSRIRDGLQYGWKTWGKNLVFSPGRKNGSFIIDGKSRKECPFSNRVWNSFQIEEFGTGVFTTRVYMDAVFEYTMDCDGSILGAAVNGKKSAHGSPTFWMGSHEVNGTWMIHTLETLDYKECEWPLTHTIGTSVEESDMFMPRSIGGPVSSHNHIPGYKVQTNGPWMQVPLEVKREACPGTSVVVDGSCDGRGKSTRSTTDSGKIIPEWCCRSCTMPPVSFHGSDGCWYPMEIRPKKTHDSHLVRSWVTAGEI
DRB1_1402,QGCAINFGKRELKCGDGIFVFRDSDDWLDKYSYYPEDPVKLASIVKASFEEGKCGLNSVDSLEHEMWRSRADEINAILEENEVDISVVVQDSKNIYQRGTHPFSRIRDGLQYGWKTWGKNLVFSPGRKNGSFIIDGKSRKECPFSNRVWNSFQIEEFGTGVFTTRVYMDAVFEYTMDCDGSILGAAVNGKKSAHGSPTFWMGSHEVNGTWMIHTLETLDYKECEWPLTHTIGTSVEESDMFMPRSIGGPVSSHNHIPGYKVQTNGPWMQVPLEVKREACPGTSVVVDGSCDGRGKSTRSTTDSGKIIPEWCCRSCTMPPVSFHGSDGCWYPMEIRPKKTHDSHLVRSWVTAGEI
DRB1_1403,QGCAINFGKRELKCGDGIFVFRDSDDWLDKYSYYPEDPVKLASIVKASFEEGKCGLNSVDSLEHEMWRSRADEINAILEENEVDISVVVQDSKNIYQRGTHPFSRIRDGLQYGWKTWGKNLVFSPGRKNGSFIIDGKSRKECPFSNRVWNSFQIEEFGTGVFTTRVYMDAVFEYTMDCDGSILGAAVNGKKSAHGSPTFWMGSHEVNGTWMIHTLETLDYKECEWPLTHTIGTSVEESDMFMPRSIGGPVSSHNHIPGYKVQTNGPWMQVPLEVKREACPGTSVVVDGSCDGRGKSTRSTTDSGKIIPEWCCRSCTMPPVSFHGSDGCWYPMEIRPKKTHDSHLVRSWVTAGEI
DRB1_1404,QGCAINFGKRELKCGDGIFVFRDSDDWLDKYSYYPEDPVKLASIVKASFEEGKCGLNSVDSLEHEMWRSRADEINAILEENEVDISVVVQDSKNIYQRGTHPFSRIRDGLQYGWKTWGKNLVFSPGRKNGSFIIDGKSRKECPFSNRVWNSFQIEEFGTGVFTTRVYMDAVFEYTMDCDGSILGAAVNGKKSAHGSPTFWMGSHEVNGTWMIHTLETLDYKECEWPLTHTIGTSVEESDMFMPRSIGGPVSSHNHIPGYKVQTNGPWMQVPLEVKREACPGTSVVVDGSCDGRGKSTRSTTDSGKIIPEWCCRSCTMPPVSFHGSDGCWYPMEIRPKKTHDSHLVRSWVTAGEI
DRB1_1405,QGCAINFGKRELKCGDGIFVFRDSDDWLDKYSYYPEDPVKLASIVKASFEEGKCGLNSVDSLEHEMWRSRADEINAILEENEVDISVVVQDSKNIYQRGTHPFSRIRDGLQYGWKTWGKNLVFSPGRKNGSFIIDGKSRKECPFSNRVWNSFQIEEFGTGVFTTRVYMDAVFEYTMDCDGSILGAAVNGKKSAHGSPTFWMGSHEVNGTWMIHTLETLDYKECEWPLTHTIGTSVEESDMFMPRSIGGPVSSHNHIPGYKVQTNGPWMQVPLEVKREACPGTSVVVDGSCDGRGKSTRSTTDSGKIIPEWCCRSCTMPPVSFHGSDGCWYPMEIRPKKTHDSHLVRSWVTAGEI
DRB1_1406,QGCAINFGKRELKCGDGIFVFRDSDDWLDKYSYYPEDPVKLASIVKASFEEGKCGLNSVDSLEHEMWRSRADEINAILEENEVDISVVVQDSKNIYQRGTHPFSRIRDGLQYGWKTWGKNLVFSPGRKNGSFIIDGKSRKECPFSNRVWNSFQIEEFGTGVFTTRVYMDAVFEYTMDCDGSILGAAVNGKKSAHGSPTFWMGSHEVNGTWMIHTLETLDYKECEWPLTHTIGTSVEESDMFMPRSIGGPVSSHNHIPGYKVQTNGPWMQVPLEVKREACPGTSVVVDGSCDGRGKSTRSTTDSGKIIPEWCCRSCTMPPVSFHGSDGCWYPMEIRPKKTHDSHLVRSWVTAGEI
DRB1_1407,QGCAINFGKRELKCGDGIFVFRDSDDWLDKYSYYPEDPVKLASIVKASFEEGKCGLNSVDSLEHEMWRSRADEINAILEENEVDISVVVQDSKNIYQRGTHPFSRIRDGLQYGWKTWGKNLVFSPGRKNGSFIIDGKSRKECPFSNRVWNSFQIEEFGTGVFTTRVYMDAVFEYTMDCDGSILGAAVNGKKSAHGSPTFWMGSHEVNGTWMIHTLETLDYKECEWPLTHTIGTSVEESDMFMPRSIGGPVSSHNHIPGYKVQTNGPWMQVPLEVKREACPGTSVVVDGSCDGRGKSTRSTTDSGKIIPEWCCRSCTMPPVSFHGSDGCWYPMEIRPKKTHDSHLVRSWVTAGEI
DRB1_1408,QGCAINFGKRELKCGDGIFVFRDSDDWLDKYSYYPEDPVKLASIVKASFEEGKCGLNSVDSLEHEMWRSRADEINAILEENEVDISVVVQDSKNIYQRGTHPFSRIRDGLQYGWKTWGKNLVFSPGRKNGSFIIDGKSRKECPFSNRVWNSFQIEEFGTGVFTTRVYMDAVFEYTMDCDGSILGAAVNGKKSAHGSPTFWMGSHEVNGTWMIHTLETLDYKECEWPLTHTIGTSVEESDMFMPRSIGGPVSSHNHIPGYKVQTNGPWMQVPLEVKREACPGTSVVVDGSCDGRGKSTRSTTDSGKIIPEWCCRSCTMPPVSFHGSDGCWYPMEIRPKKTHDSHLVRSWVTAGEI
DRB1_1409,QGCAINFGKRELKCGDGIFVFRDSDDWLDKYSYYPEDPVKLASIVKASFEEGKCGLNSVDSLEHEMWRSRADEINAILEENEVDISVVVQDSKNIYQRGTHPFSRIRDGLQYGWKTWGKNLVFSPGRKNGSFIIDGKSRKECPFSNRVWNSFQIEEFGTGVFTTRVYMDAVFEYTMDCDGSILGAAVNGKKSAHGSPTFWMGSHEVNGTWMIHTLETLDYKECEWPLTHTIGTSVEESDMFMPRSIGGPVSSHNHIPGYKVQTNGPWMQVPLEVKREACPGTSVVVDGSCDGRGKSTRSTTDSGKIIPEWCCRSCTMPPVSFHGSDGCWYPMEIRPKKTHDSHLVRSWVTAGEI
DRB1_1410,QGCAINFGKRELKCGDGIFVFRDSDDWLDKYSYYPEDPVKLASIVKASFEEGKCGLNSVDSLEHEMWRSRADEINAILEENEVDISVVVQDSKNIYQRGTHPFSRIRDGLQYGWKTWGKNLVFSPGRKNGSFIIDGKSRKECPFSNRVWNSFQIEEFGTGVFTTRVYMDAVFEYTMDCDGSILGAAVNGKKSAHGSPTFWMGSHEVNGTWMIHTLETLDYKECEWPLTHTIGTSVEESDMFMPRSIGGPVSSHNHIPGYKVQTNGPWMQVPLEVKREACPGTSVVVDGSCDGRGKSTRSTTDSGKIIPEWCCRSCTMPPVSFHGSDGCWYPMEIRPKKTHDSHLVRSWVTAGEI
DRB1_1411,QGCAINFGKRELKCGDGIFVFRDSDDWLDKYSYYPEDPVKLASIVKASFEEGKCGLNSVDSLEHEMWRSRADEINAILEENEVDISVVVQDSKNIYQRGTHPFSRIRDGLQYGWKTWGKNLVFSPGRKNGSFIIDGKSRKECPFSNRVWNSFQIEEFGTGVFTTRVYMDAVFEYTMDCDGSILGAAVNGKKSAHGSPTFWMGSHEVNGTWMIHTLETLDYKECEWPLTHTIGTSVEESDMFMPRSIGGPVSSHNHIPGYKVQTNGPWMQVPLEVKREACPGTSVVVDGSCDGRGKSTRSTTDSGKIIPEWCCRSCTMPPVSFHGSDGCWYPMEIRPKKTHDSHLVRSWVTAGEI
DRB1_1412,QGCAINFGKRELKCGDGIFVFRDSDDWLDKYSYYPEDPVKLASIVKASFEEGKCGLNSVDSLEHEMWRSRADEINAILEENEVDISVVVQDSKNIYQRGTHPFSRIRDGLQYGWKTWGKNLVFSPGRKNGSFIIDGKSRKECPFSNRVWNSFQIEEFGTGVFTTRVYMDAVFEYTMDCDGSILGAAVNGKKSAHGSPTFWMGSHEVNGTWMIHTLETLDYKECEWPLTHTIGTSVEESDMFMPRSIGGPVSSHNHIPGYKVQTNGPWMQVPLEVKREACPGTSVVVDGSCDGRGKSTRSTTDSGKIIPEWCCRSCTMPPVSFHGSDGCWYPMEIRPKKTHDSHLVRSWVTAGEI
DRB1_1413,QGCAINFGKRELKCGDGIFVFRDSDDWLDKYSYYPEDPVKLASIVKASFEEGKCGLNSVDSLEHEMWRSRADEINAILEENEVDISVVVQDSKNIYQRGTHPFSRIRDGLQYGWKTWGKNLVFSPGRKNGSFIIDGKSRKECPFSNRVWNSFQIEEFGTGVFTTRVYMDAVFEYTMDCDGSILGAAVNGKKSAHGSPTFWMGSHEVNGTWMIHTLETLDYKECEWPLTHTIGTSVEESDMFMPRSIGGPVSSHNHIPGYKVQTNGPWMQVPLEVKREACPGTSVVVDGSCDGRGKSTRSTTDSGKIIPEWCCRSCTMPPVSFHGSDGCWYPMEIRPKKTHDSHLVRSWVTAGEI
DRB1_1414,QGCAINFGKRELKCGDGIFVFRDSDDWLDKYSYYPEDPVKLASIVKASFEEGKCGLNSVDSLEHEMWRSRADEINAILEENEVDISVVVQDSKNIYQRGTHPFSRIRDGLQYGWKTWGKNLVFSPGRKNGSFIIDGKSRKECPFSNRVWNSFQIEEFGTGVFTTRVYMDAVFEYTMDCDGSILGAAVNGKKSAHGSPTFWMGSHEVNGTWMIHTLETLDYKECEWPLTHTIGTSVEESDMFMPRSIGGPVSSHNHIPGYKVQTNGPWMQVPLEVKREACPGTSVVVDGSCDGRGKSTRSTTDSGKIIPEWCCRSCTMPPVSFHGSDGCWYPMEIRPKKTHDSHLVRSWVTAGEI
DRB1_1415,QGCAINFGKRELKCGDGIFVFRDSDDWLDKYSYYPEDPVKLASIVKASFEEGKCGLNSVDSLEHEMWRSRADEINAILEENEVDISVVVQDSKNIYQRGTHPFSRIRDGLQYGWKTWGKNLVFSPGRKNGSFIIDGKSRKECPFSNRVWNSFQIEEFGTGVFTTRVYMDAVFEYTMDCDGSILGAAVNGKKSAHGSPTFWMGSHEVNGTWMIHTLETLDYKECEWPLTHTIGTSVEESDMFMPRSIGGPVSSHNHIPGYKVQTNGPWMQVPLEVKREACPGTSVVVDGSCDGRGKSTRSTTDSGKIIPEWCCRSCTMPPVSFHGSDGCWYPMEIRPKKTHDSHLVRSWVTAGEI
DRB1_1416,QGCAINFGKRELKCGDGIFVFRDSDDWLDKYSYYPEDPVKLASIVKASFEEGKCGLNSVDSLEHEMWRSRADEINAILEENEVDISVVVQDSKNIYQRGTHPFSRIRDGLQYGWKTWGKNLVFSPGRKNGSFIIDGKSRKECPFSNRVWNSFQIEEFGTGVFTTRVYMDAVFEYTMDCDGSILGAAVNGKKSAHGSPTFWMGSHEVNGTWMIHTLETLDYKECEWPLTHTIGTSVEESDMFMPRSIGGPVSSHNHIPGYKVQTNGPWMQVPLEVKREACPGTSVVVDGSCDGRGKSTRSTTDSGKIIPEWCCRSCTMPPVSFHGSDGCWYPMEIRPKKTHDSHLVRSWVTAGEI
DRB1_1417,QGCAINFGKRELKCGDGIFVFRDSDDWLDKYSYYPEDPVKLASIVKASFEEGKCGLNSVDSLEHEMWRSRADEINAILEENEVDISVVVQDSKNIYQRGTHPFSRIRDGLQYGWKTWGKNLVFSPGRKNGSFIIDGKSRKECPFSNRVWNSFQIEEFGTGVFTTRVYMDAVFEYTMDCDGSILGAAVNGKKSAHGSPTFWMGSHEVNGTWMIHTLETLDYKECEWPLTHTIGTSVEESDMFMPRSIGGPVSSHNHIPGYKVQTNGPWMQVPLEVKREACPGTSVVVDGSCDGRGKSTRSTTDSGKIIPEWCCRSCTMPPVSFHGSDGCWYPMEIRPKKTHDSHLVRSWVTAGEI
DRB1_1427,QGCAINFGKRELKCGDGIFVFRDSDDWLDKYSYYPEDPVKLASIVKASFEEGKCGLNSVDSLEHEMWRSRADEINAILEENEVDISVVVQDSKNIYQRGTHPFSRIRDGLQYGWKTWGKNLVFSPGRKNGSFIIDGKSRKECPFSNRVWNSFQIEEFGTGVFTTRVYMDAVFEYTMDCDGSILGAAVNGKKSAHGSPTFWMGSHEVNGTWMIHTLETLDYKECEWPLTHTIGTSVEESDMFMPRSIGGPVSSHNHIPGYKVQTNGPWMQVPLEVKREACPGTSVVVDGSCDGRGKSTRSTTDSGKIIPEWCCRSCTMPPVSFHGSDGCWYPMEIRPKKTHDSHLVRSWVTAGEI
DRB1_1501,QGCAINFGKRELKCGDGIFVFRDSDDWLDKYSYYPEDPVKLASIVKASFEEGKCGLNSVDSLEHEMWRSRADEINAILEENEVDISVVVQDSKNIYQRGTHPFSRIRDGLQYGWKTWGKNLVFSPGRKNGSFIIDGKSRKECPFSNRVWNSFQIEEFGTGVFTTRVYMDAVFEYTMDCDGSILGAAVNGKKSAHGSPTFWMGSHEVNGTWMIHTLETLDYKECEWPLTHTIGTSVEESDMFMPRSIGGPVSSHNHIPGYKVQTNGPWMQVPLEVKREACPGTSVVVDGSCDGRGKSTRSTTDSGKIIPEWCCRSCTMPPVSFHGSDGCWYPMEIRPKKTHDSHLVRSWVTAGEI
DRB1_1502,QGCAINFGKRELKCGDGIFVFRDSDDWLDKYSYYPEDPVKLASIVKASFEEGKCGLNSVDSLEHEMWRSRADEINAILEENEVDISVVVQDSKNIYQRGTHPFSRIRDGLQYGWKTWGKNLVFSPGRKNGSFIIDGKSRKECPFSNRVWNSFQIEEFGTGVFTTRVYMDAVFEYTMDCDGSILGAAVNGKKSAHGSPTFWMGSHEVNGTWMIHTLETLDYKECEWPLTHTIGTSVEESDMFMPRSIGGPVSSHNHIPGYKVQTNGPWMQVPLEVKREACPGTSVVVDGSCDGRGKSTRSTTDSGKIIPEWCCRSCTMPPVSFHGSDGCWYPMEIRPKKTHDSHLVRSWVTAGEI
DRB1_1503,QGCAINFGKRELKCGDGIFVFRDSDDWLDKYSYYPEDPVKLASIVKASFEEGKCGLNSVDSLEHEMWRSRADEINAILEENEVDISVVVQDSKNIYQRGTHPFSRIRDGLQYGWKTWGKNLVFSPGRKNGSFIIDGKSRKECPFSNRVWNSFQIEEFGTGVFTTRVYMDAVFEYTMDCDGSILGAAVNGKKSAHGSPTFWMGSHEVNGTWMIHTLETLDYKECEWPLTHTIGTSVEESDMFMPRSIGGPVSSHNHIPGYKVQTNGPWMQVPLEVKREACPGTSVVVDGSCDGRGKSTRSTTDSGKIIPEWCCRSCTMPPVSFHGSDGCWYPMEIRPKKTHDSHLVRSWVTAGEI
DRB1_1533,QGCAINFGKRELKCGDGIFVFRDSDDWLDKYSYYPEDPVKLASIVKASFEEGKCGLNSVDSLEHEMWRSRADEINAILEENEVDISVVVQDSKNIYQRGTHPFSRIRDGLQYGWKTWGKNLVFSPGRKNGSFIIDGKSRKECPFSNRVWNSFQIEEFGTGVFTTRVYMDAVFEYTMDCDGSILGAAVNGKKSAHGSPTFWMGSHEVNGTWMIHTLETLDYKECEWPLTHTIGTSVEESDMFMPRSIGGPVSSHNHIPGYKVQTNGPWMQVPLEVKREACPGTSVVVDGSCDGRGKSTRSTTDSGKIIPEWCCRSCTMPPVSFHGSDGCWYPMEIRPKKTHDSHLVRSWVTAGEI
DRB1_1601,QGCAINFGKRELKCGDGIFVFRDSDDWLDKYSYYPEDPVKLASIVKASFEEGKCGLNSVDSLEHEMWRSRADEINAILEENEVDISVVVQDSKNIYQRGTHPFSRIRDGLQYGWKTWGKNLVFSPGRKNGSFIIDGKSRKECPFSNRVWNSFQIEEFGTGVFTTRVYMDAVFEYTMDCDGSILGAAVNGKKSAHGSPTFWMGSHEVNGTWMIHTLETLDYKECEWPLTHTIGTSVEESDMFMPRSIGGPVSSHNHIPGYKVQTNGPWMQVPLEVKREACPGTSVVVDGSCDGRGKSTRSTTDSGKIIPEWCCRSCTMPPVSFHGSDGCWYPMEIRPKKTHDSHLVRSWVTAGEI
DRB1_1602,QGCAINFGKRELKCGDGIFVFRDSDDWLDKYSYYPEDPVKLASIVKASFEEGKCGLNSVDSLEHEMWRSRADEINAILEENEVDISVVVQDSKNIYQRGTHPFSRIRDGLQYGWKTWGKNLVFSPGRKNGSFIIDGKSRKECPFSNRVWNSFQIEEFGTGVFTTRVYMDAVFEYTMDCDGSILGAAVNGKKSAHGSPTFWMGSHEVNGTWMIHTLETLDYKECEWPLTHTIGTSVEESDMFMPRSIGGPVSSHNHIPGYKVQTNGPWMQVPLEVKREACPGTSVVVDGSCDGRGKSTRSTTDSGKIIPEWCCRSCTMPPVSFHGSDGCWYPMEIRPKKTHDSHLVRSWVTAGEI
DRB1_1603,QGCAINFGKRELKCGDGIFVFRDSDDWLDKYSYYPEDPVKLASIVKASFEEGKCGLNSVDSLEHEMWRSRADEINAILEENEVDISVVVQDSKNIYQRGTHPFSRIRDGLQYGWKTWGKNLVFSPGRKNGSFIIDGKSRKECPFSNRVWNSFQIEEFGTGVFTTRVYMDAVFEYTMDCDGSILGAAVNGKKSAHGSPTFWMGSHEVNGTWMIHTLETLDYKECEWPLTHTIGTSVEESDMFMPRSIGGPVSSHNHIPGYKVQTNGPWMQVPLEVKREACPGTSVVVDGSCDGRGKSTRSTTDSGKIIPEWCCRSCTMPPVSFHGSDGCWYPMEIRPKKTHDSHLVRSWVTAGEI
DRB1_1604,QGCAINFGKRELKCGDGIFVFRDSDDWLDKYSYYPEDPVKLASIVKASFEEGKCGLNSVDSLEHEMWRSRADEINAILEENEVDISVVVQDSKNIYQRGTHPFSRIRDGLQYGWKTWGKNLVFSPGRKNGSFIIDGKSRKECPFSNRVWNSFQIEEFGTGVFTTRVYMDAVFEYTMDCDGSILGAAVNGKKSAHGSPTFWMGSHEVNGTWMIHTLETLDYKECEWPLTHTIGTSVEESDMFMPRSIGGPVSSHNHIPGYKVQTNGPWMQVPLEVKREACPGTSVVVDGSCDGRGKSTRSTTDSGKIIPEWCCRSCTMPPVSFHGSDGCWYPMEIRPKKTHDSHLVRSWVTAGEI
DRB1_1605,QGCAINFGKRELKCGDGIFVFRDSDDWLDKYSYYPEDPVKLASIVKASFEEGKCGLNSVDSLEHEMWRSRADEINAILEENEVDISVVVQDSKNIYQRGTHPFSRIRDGLQYGWKTWGKNLVFSPGRKNGSFIIDGKSRKECPFSNRVWNSFQIEEFGTGVFTTRVYMDAVFEYTMDCDGSILGAAVNGKKSAHGSPTFWMGSHEVNGTWMIHTLETLDYKECEWPLTHTIGTSVEESDMFMPRSIGGPVSSHNHIPGYKVQTNGPWMQVPLEVKREACPGTSVVVDGSCDGRGKSTRSTTDSGKIIPEWCCRSCTMPPVSFHGSDGCWYPMEIRPKKTHDSHLVRSWVTAGEI
